{"train_loss": [0.12745062943812965, 0.010959978120261516, 0.00911597673772935, 0.008041027148551066, 0.005487715574612054, 0.005270340129788506, 0.005650703166953891, 0.004367593469810836, 0.004583897094725405, 0.0049370267631029955, 0.0005488695277328088, 0.0001973543988164071, 0.00011856328364583171, 0.00012152094302237768, 7.738301591106729e-05, 4.0098268675234704e-05], "val_loss": [0.021754287666758226, 0.003282531740778772, 0.0033331476105822383, 0.017576142473787557, 0.0030940644539411742, 0.0017971079487225062, 0.012017865133913275, 0.0033841868462133264, 0.0019606139905362064, 0.004026791059461841, 0.0010539212597423053, 0.0009363884956690755, 0.0012233356101205572, 0.0011247005154199955, 0.0009818613605384202, 0.001014354381947316], "train_acc": [97.36602991009866, 99.70068521705667, 99.75734122954236, 99.76803104321891, 99.83323890664586, 99.85354955263129, 99.83965279485179, 99.87920510545501, 99.88241204955797, 99.85889445946957, 99.9882412049558, 99.99679305589703, 99.99893101863235, 99.99893101863235, 99.99893101863235, 100.0], "val_acc": [99.3073074785137, 99.89310300594347, 99.89737888570573, 99.4398597511438, 99.89310300594347, 99.91020652499252, 99.66220549878138, 99.90593064523026, 99.96151708213965, 99.89737888570573, 99.97006884166417, 99.97006884166417, 99.96151708213965, 99.96151708213965, 99.96151708213965, 99.97006884166417], "best_val_acc": 99.97006884166417, "best_epoch": 11, "epochs_ran": 16}